<?xml version='1.0' encoding='UTF-8'?>
<!DOCTYPE hibernate-configuration PUBLIC
          "-//Hibernate/Hibernate Configuration DTD 3.0//EN"
          "http://www.hibernate.org/dtd/hibernate-configuration-3.0.dtd">
<!-- Generated by MyEclipse Hibernate Tools.                   -->
<hibernate-configuration>

<session-factory>
	<property name="dialect">
		org.hibernate.dialect.MySQLDialect
	</property>
	<property name="connection.url">
		jdbc:mysql://localhost:3306/location
	</property>
	<property name="connection.username">root</property>
	<property name="connection.password">3613523</property>
	<property name="connection.driver_class">
		com.mysql.jdbc.Driver
	</property>
	<property name="myeclipse.connection.profile">
		com.mysql.jdbc.Driver
	</property>
	<property name="hbm2ddl.auto">update</property>
	<property name="show_sql">true</property>
	<property name="hibernate.format_sql">true</property>
	<property name="javax.persistence.validation.mode">none</property>
	
	<mapping class="po.AlarmInfo" />
	<mapping class="po.User" />
</session-factory>

</hibernate-configuration>