<?xml version="1.0" encoding="UTF-8" ?>
<!DOCTYPE struts PUBLIC "-//Apache Software Foundation//DTD Struts Configuration 2.1//EN" "http://struts.apache.org/dtds/struts-2.1.dtd">
<struts>
<constant name="struts.i18n.encoding" value="utf-8"></constant>
	<package name="json" extends="json-default">

		<action name="GetAllAlarmInfoAction" class="action.AlarmInfoAction" method="getAllAlarmInfo">
			<result type="json"> /east.jsp </result>
	
		</action>
	</package>
	
	<package name="struts2" extends="struts-default">

	</package>
	
</struts>    
